timestamp,objection,response
2024-10-14 11:06:03.482416,1. What guarantees do you offer for real-time issue resolution?,asdf
2024-10-14 11:06:03.482430,2. Can you provide more details on the transparent pricing models?,adsf
2024-10-14 11:06:03.482431,3. How do you ensure regulatory compliance for industry-specific solutions?,adsfa
2024-10-14 11:06:03.482433,4. Can you elaborate on the process of seamless integration with existing cloud services?,asdfasd
2024-10-14 11:06:03.482434,5. What specific measures do you take to ensure your data centers are eco-friendly?,asdfasd
2024-10-14 11:06:03.482435,6. How do you handle data security concerns for clients?,asdfads
2024-10-14 11:06:03.482436,7. What kind of support services do you offer for your cloud storage solutions?,adsfas
2024-10-14 11:06:03.482438,8. Can you explain the scalability options available for businesses?,adsfas
2024-10-14 11:06:03.482439,9. What level of customization is possible for tailored storage solutions?,adsfas
2024-10-14 11:06:03.482440,10. How do you address concerns about data privacy and confidentiality?,asdfas
2024-10-14 11:06:03.482441,11. What sets your platform apart from other cloud storage providers?,asdfads
2024-10-14 11:06:03.482443,12. Can you provide case studies or testimonials from satisfied clients?,asdfsad
2024-10-14 11:06:03.482444,13. Are there any hidden fees or additional costs that may arise?,asdfasd
2024-10-14 11:06:03.482445,14. How do you handle data migration from existing systems to your platform?,asdfasd
2024-10-14 11:06:03.482447,15. What measures do you have in place for disaster recovery and data backup?,asdfas
2024-10-14 11:06:03.482448,16. Can you guarantee uptime and performance levels for the cloud storage?,asdfasd
2024-10-14 11:06:03.482450,17. How do you stay up-to-date with the latest technology trends in cloud storage?,asdfsad
2024-10-14 11:06:03.482451,18. What happens in case of a service outage or technical issue on your end?,asdfasd
2024-10-14 11:06:03.482453,19. How do you ensure data encryption and protection during transmission and storage?,asdfsadf
2024-10-14 11:06:03.482454,20. Can you provide a demo or trial period for us to test your cloud storage solutions before committing?,asdf
